City_ID,City,Country,Lat,Lng,Max Temp,Humidity,Cloudiness,Wind Speed,Current Description
0,Bluff,NZ,-46.6,168.3333,50.81,85,11,3.51,few clouds
1,Faya,SA,18.3851,42.4509,61.32,66,4,1.92,clear sky
2,Rabo De Peixe,PT,37.8,-25.5833,55.27,81,20,11.5,few clouds
3,Tupaciguara,BR,-18.5922,-48.705,76.37,70,72,3.15,moderate rain
4,Chesma,RU,53.8111,60.6533,-12.17,100,87,3.96,overcast clouds
5,Ushuaia,AR,-54.8,-68.3,44.26,65,40,39.12,scattered clouds
6,Svetlyy,RU,54.675,20.1347,34.97,77,6,8.1,clear sky
7,Kavaratti,IN,10.5669,72.642,82.53,73,20,6.42,few clouds
8,Tres Arroyos,AR,-38.3739,-60.2798,80.2,30,7,8.97,clear sky
9,Hilo,US,19.7297,-155.09,79.25,61,20,5.01,few clouds
10,Kaitangata,NZ,-46.2817,169.8464,52.2,92,18,2.89,few clouds
11,Norman Wells,CA,65.282,-126.8329,-5.1,87,55,4.07,broken clouds
12,Thompson,CA,55.7435,-97.8558,16.9,82,100,10.13,overcast clouds
13,Bengkulu,ID,-3.8004,102.2655,76.98,91,100,5.17,light rain
14,Lebu,CL,-37.6167,-73.65,63.73,62,3,20.6,clear sky
15,Bemidji,US,47.4736,-94.8803,28.9,58,0,20.71,clear sky
16,Hithadhoo,MV,-0.6,73.0833,83.03,71,95,5.53,overcast clouds
17,Kismayo,SO,-0.3582,42.5454,78.64,80,83,15.64,broken clouds
18,Walvis Bay,NA,-22.9575,14.5053,65.08,72,68,18.68,broken clouds
19,Concordia,AR,-31.393,-58.0209,76.78,51,2,8.01,clear sky
20,Tynda,RU,55.1667,124.7167,-11.54,99,6,2.01,clear sky
21,Busselton,AU,-33.65,115.3333,63.68,88,11,7.99,few clouds
22,Ulaangom,MN,49.9811,92.0667,9.05,90,88,3.76,overcast clouds
23,Punta Arenas,CL,-53.15,-70.9167,50.11,57,0,31.07,clear sky
24,Marana,US,32.4367,-111.2254,77.58,9,0,0.0,clear sky
25,Yellowknife,CA,62.456,-114.3525,-3.59,78,100,13.69,overcast clouds
26,Egvekinot,RU,66.3167,-179.1667,7.5,44,0,4.29,clear sky
27,Rikitea,PF,-23.1203,-134.9692,80.08,71,100,15.08,overcast clouds
28,Verkhnevilyuysk,RU,63.4453,120.3167,-9.85,99,100,2.33,overcast clouds
29,Lompoc,US,34.6391,-120.4579,76.57,70,0,21.99,clear sky
30,Saldanha,ZA,-33.0117,17.9442,61.05,67,100,20.96,overcast clouds
31,Koungheul,SN,13.9833,-14.8,92.03,9,29,2.71,scattered clouds
32,Thai Binh,VN,20.45,106.3333,69.48,90,100,3.15,overcast clouds
33,Kodiak,US,57.79,-152.4072,40.51,81,100,19.57,overcast clouds
34,Itoman,JP,26.1247,127.6694,68.02,88,75,3.44,broken clouds
35,Hobart,AU,-42.8794,147.3294,62.46,82,75,11.5,light rain
36,Carauari,BR,-4.8828,-66.8958,73.02,99,100,1.14,overcast clouds
37,Roma,US,43.2128,-75.4557,31.37,43,75,11.5,broken clouds
38,Vanavara,RU,60.34,102.2797,-24.72,100,100,1.63,overcast clouds
39,Albany,US,42.6001,-73.9662,34.95,33,100,4.0,overcast clouds
40,Rawson,AR,-43.3002,-65.1023,74.07,31,16,15.88,few clouds
41,Saint-Philippe,RE,-21.3585,55.7679,78.39,89,69,14.2,light rain
42,Cherskiy,RU,68.75,161.3,-20.79,100,100,4.41,overcast clouds
43,Barrow,US,71.2906,-156.7887,-12.98,77,0,9.22,clear sky
44,Beloha,MG,-25.1667,45.05,74.71,77,100,10.51,overcast clouds
45,Puerto Penasco,MX,31.3167,-113.5333,63.91,75,0,5.01,clear sky
46,Comodoro Rivadavia,AR,-45.8667,-67.5,80.46,18,0,21.85,clear sky
47,Ribeira Grande,PT,38.5167,-28.7,57.6,54,40,4.61,scattered clouds
48,Leshan,CN,29.5623,103.7639,74.14,62,100,3.31,overcast clouds
49,Zemio,CF,5.0314,25.1361,76.35,60,94,3.29,overcast clouds
50,Nelson Bay,AU,-32.7167,152.15,66.99,97,59,1.97,broken clouds
51,Northam,GB,51.0333,-4.2167,43.61,90,54,8.66,broken clouds
52,Tuktoyaktuk,CA,69.4541,-133.0374,-9.67,90,94,10.78,overcast clouds
53,Aleksandrovskiy Zavod,RU,50.9237,117.9374,14.32,92,100,3.89,overcast clouds
54,Hermanus,ZA,-34.4187,19.2345,60.8,61,100,15.28,overcast clouds
55,Hamilton,US,39.1834,-84.5333,50.99,43,0,17.27,clear sky
56,Dikson,RU,73.5069,80.5464,-5.73,98,100,16.26,overcast clouds
57,Belmonte,BR,-15.8631,-38.8828,81.9,74,54,9.62,broken clouds
58,Chippewa Falls,US,44.9369,-91.3929,42.98,49,0,12.66,clear sky
59,Seoul,KR,37.5683,126.9778,47.59,90,91,3.36,overcast clouds
60,Nemuro,JP,43.3236,145.575,30.36,90,100,7.52,snow
61,Butaritari,KI,3.0707,172.7902,81.41,74,10,21.52,clear sky
62,Tezu,IN,27.9167,96.1667,70.92,28,0,5.01,clear sky
63,Rio Grande,BR,-32.035,-52.0986,71.71,64,95,7.36,overcast clouds
64,Alvik,SE,60.7477,14.8746,28.53,92,94,3.53,overcast clouds
65,Saint-Pierre,RE,-21.3393,55.4781,78.48,82,0,3.44,clear sky
66,Yulara,AU,-25.2406,130.9889,73.24,27,54,6.91,broken clouds
67,Hasaki,JP,35.7333,140.8333,63.0,75,100,27.42,moderate rain
68,Carnarvon,AU,-24.8667,113.6333,73.47,78,0,13.8,clear sky
69,Jamestown,US,42.097,-79.2353,26.19,65,100,12.66,light snow
70,Cabo San Lucas,MX,22.8909,-109.9124,80.62,53,0,4.61,clear sky
71,El Campo,US,29.1966,-96.2697,65.8,39,75,13.8,broken clouds
72,Georgetown,MY,5.4112,100.3354,80.53,89,20,6.91,few clouds
73,Griffith,US,41.5284,-87.4237,51.73,59,0,16.11,clear sky
74,Vaini,TO,-21.2,-175.2,82.56,83,20,3.44,few clouds
75,Mount Isa,AU,-20.7333,139.5,74.97,78,32,0.0,light rain
76,Kapaa,US,22.0752,-159.319,80.11,68,75,11.5,broken clouds
77,Mataura,NZ,-46.1927,168.8643,50.49,92,12,1.05,few clouds
78,Cedar City,US,37.6775,-113.0619,54.57,24,20,17.27,few clouds
79,Panaba,MX,21.2833,-88.2667,75.0,56,100,14.63,overcast clouds
80,Port Alfred,ZA,-33.5906,26.891,68.11,91,100,10.85,light rain
81,Soro,IN,21.2881,86.6858,72.63,34,87,5.46,overcast clouds
82,Mecca,SA,21.4267,39.8261,71.85,59,4,6.53,clear sky
83,Torbay,CA,47.6666,-52.7314,33.76,87,89,15.01,overcast clouds
84,Point Fortin,TT,10.1833,-61.6833,85.89,70,99,11.83,overcast clouds
85,Kirakira,SB,-10.4544,161.9205,79.81,81,95,3.87,overcast clouds
86,Faanui,PF,-16.4833,-151.75,81.32,73,87,10.27,overcast clouds
87,Grong,NO,64.4654,12.3149,34.88,84,100,5.41,overcast clouds
88,Winslow,US,35.0242,-110.6974,64.58,15,0,21.85,clear sky
89,Souillac,MU,-20.5167,57.5167,78.46,86,98,14.41,light rain
90,Jutai,BR,-5.1833,-68.9,80.28,71,100,2.06,overcast clouds
91,Mezen,RU,65.8522,44.24,15.58,98,94,5.88,overcast clouds
92,Airai,TL,-8.9266,125.4092,59.99,93,99,2.51,overcast clouds
93,Katsuura,JP,35.1333,140.3,64.42,80,100,27.69,overcast clouds
94,Strezhevoy,RU,60.7333,77.5889,-5.48,100,100,2.51,overcast clouds
95,Totton,GB,50.9188,-1.4904,48.02,86,20,1.14,few clouds
96,Bredasdorp,ZA,-34.5322,20.0403,59.65,60,100,13.94,overcast clouds
97,Ponta Do Sol,PT,32.6667,-17.1,63.23,61,25,17.87,scattered clouds
98,Khatanga,RU,71.9667,102.5,-4.88,98,100,10.63,light snow
99,North Bend,US,43.4065,-124.2243,51.24,94,100,13.8,mist
100,Iqaluit,CA,63.7506,-68.5145,-16.31,62,59,5.99,broken clouds
101,Sibolga,ID,1.7427,98.7792,76.48,89,99,3.31,overcast clouds
102,Kirksville,US,40.1948,-92.5833,53.55,43,0,9.22,clear sky
103,Longyearbyen,SJ,78.2186,15.6401,26.44,80,0,6.91,clear sky
104,Curuguaty,PY,-24.4694,-55.6945,86.61,39,62,6.49,broken clouds
105,Chota,PE,-6.55,-78.65,59.13,75,100,2.46,light rain
106,Khani,GE,41.9563,42.9566,26.17,87,100,0.63,overcast clouds
107,Voskresenskoye,RU,56.8381,45.4317,23.5,98,100,3.89,light snow
108,Saint Anthony,US,45.0205,-93.218,42.85,55,20,12.66,few clouds
109,Vallenar,CL,-28.5708,-70.7581,83.07,28,0,9.26,clear sky
110,Kahului,US,20.8947,-156.47,80.62,50,40,14.0,scattered clouds
111,Kautokeino,NO,69.0125,23.0412,6.67,98,100,2.04,overcast clouds
112,Avarua,CK,-21.2078,-159.775,82.45,78,70,2.3,broken clouds
113,Ainazi,LV,57.8636,24.3578,32.25,78,99,5.57,overcast clouds
114,Omurtag,BG,43.1,26.4167,26.24,77,89,2.28,overcast clouds
115,Ahipara,NZ,-35.1667,173.1667,64.47,83,19,4.09,few clouds
116,Atuona,PF,-9.8,-139.0333,78.84,70,99,14.97,overcast clouds
117,Luderitz,NA,-26.6481,15.1594,65.91,74,0,25.57,clear sky
118,Cape Town,ZA,-33.9258,18.4232,62.35,60,100,13.91,overcast clouds
119,Krasnoselkup,RU,65.7,82.4667,-9.76,100,88,7.52,overcast clouds
120,Kizilskoye,RU,52.7255,58.8937,-5.6,100,96,2.1,overcast clouds
121,Qaanaaq,GL,77.484,-69.3632,-9.02,92,100,5.7,overcast clouds
122,Saskylakh,RU,71.9167,114.0833,-16.87,98,99,4.18,overcast clouds
123,Inuvik,CA,68.3499,-133.7218,-8.27,88,37,12.1,scattered clouds
124,Atbasar,KZ,51.8,68.3333,4.15,98,100,3.74,overcast clouds
125,Tucuman,AR,-26.8241,-65.2226,75.2,64,75,6.91,broken clouds
126,Shubarshi,KZ,48.5872,57.1869,7.41,96,100,2.1,overcast clouds
127,Basoko,CD,1.2391,23.616,74.08,86,86,1.86,overcast clouds
128,Rangoon,MM,16.8053,96.1561,80.56,78,20,5.75,few clouds
129,Nogliki,RU,51.8333,143.1667,7.75,98,100,2.1,overcast clouds
130,Tiksi,RU,71.6872,128.8694,-22.49,100,98,2.39,overcast clouds
131,Decatur,US,39.8403,-88.9548,57.87,44,0,16.11,clear sky
132,Sorland,NO,67.667,12.6934,37.26,76,40,10.38,scattered clouds
133,Noumea,NC,-22.2763,166.4572,81.0,99,2,6.6,clear sky
134,Mwaya,TZ,-9.55,33.95,73.45,85,100,4.76,light rain
135,Provideniya,RU,64.3833,-173.3,15.39,53,0,10.87,clear sky
136,East London,ZA,-33.0153,27.9116,69.31,91,99,3.11,light rain
137,Soyo,AO,-6.1349,12.3689,80.26,78,100,7.29,light rain
138,Rio Gallegos,AR,-51.6226,-69.2181,55.45,33,20,42.57,few clouds
139,Zschopau,DE,50.75,13.0667,40.5,36,0,17.78,clear sky
140,Cairns,AU,-16.9167,145.7667,77.07,94,40,10.36,light rain
141,La Gomera,GT,14.0833,-91.05,94.1,36,91,14.61,overcast clouds
142,Raga,SS,8.4596,25.678,80.33,16,100,2.98,overcast clouds
143,Riohacha,CO,11.5444,-72.9072,85.66,60,81,17.09,broken clouds
144,Tokonou,GN,9.65,-9.7833,86.79,22,65,1.66,broken clouds
145,Upernavik,GL,72.7868,-56.1549,-10.89,97,62,8.88,broken clouds
146,Atikokan,CA,48.7555,-91.6216,20.93,78,100,9.46,overcast clouds
147,Galle,LK,6.0367,80.217,79.48,78,100,1.63,overcast clouds
148,Nikolskoye,RU,59.7035,30.7861,29.8,99,90,2.77,overcast clouds
149,Vao,NC,-22.6667,167.4833,79.45,80,26,17.49,scattered clouds
150,Akhtanizovskaya,RU,45.32,37.1,25.27,58,21,7.83,few clouds
151,Dumbrava,RO,44.8833,26.1833,38.8,87,97,6.26,overcast clouds
152,Nyrob,RU,60.733,56.7202,16.39,94,100,6.96,overcast clouds
153,Fare,PF,-16.7,-151.0167,81.21,72,92,7.34,overcast clouds
154,Victoria,HK,22.2855,114.1577,72.32,90,37,5.01,scattered clouds
155,Arraial Do Cabo,BR,-22.9661,-42.0278,80.46,69,0,12.66,clear sky
156,Eenhana,NA,-17.4667,16.3333,66.13,96,100,3.33,light rain
157,Constitucion,CL,-35.3333,-72.4167,70.52,60,10,8.79,clear sky
158,Ixtapa,MX,20.7,-105.2,76.23,65,0,10.36,clear sky
159,Cayenne,GF,4.9333,-52.3333,75.24,1,100,4.61,overcast clouds
160,Tilichiki,RU,60.4667,166.1,-2.6,87,5,8.14,clear sky
161,Puro,PH,12.4841,123.3827,78.19,88,62,8.12,broken clouds
162,Namibe,AO,-15.1961,12.1522,73.49,74,100,7.47,overcast clouds
163,Paka,MY,4.6374,103.4368,77.13,91,100,0.81,overcast clouds
164,Ilo,PE,-17.6394,-71.3375,73.44,74,20,8.03,few clouds
165,Gua Musang,MY,4.8823,101.9644,73.2,99,62,0.72,broken clouds
166,Kastamonu,TR,41.5,33.6667,18.27,91,38,2.93,scattered clouds
167,Sao Filipe,CV,14.8961,-24.4956,73.22,66,5,13.31,clear sky
168,Sal Rei,CV,16.1833,-22.9167,70.11,76,0,23.04,clear sky
169,Tokat,TR,40.4167,36.5833,13.87,95,100,5.08,light snow
170,Santa Isabel Do Rio Negro,BR,-0.4139,-65.0192,75.09,98,100,3.24,overcast clouds
171,Korla,CN,41.7597,86.1469,53.94,31,77,7.05,broken clouds
172,Quelimane,MZ,-17.8786,36.8883,73.56,97,100,5.95,light rain
173,Severo-Kurilsk,RU,50.6789,156.125,28.44,87,100,5.77,overcast clouds
174,Chokurdakh,RU,70.6333,147.9167,-10.62,92,100,4.79,overcast clouds
175,Port Elizabeth,ZA,-33.918,25.5701,64.09,91,100,12.1,light rain
176,Ilulissat,GL,69.2167,-51.1,3.22,60,100,8.05,overcast clouds
177,Sebastian,US,35.1668,-94.2669,64.9,30,0,11.01,clear sky
178,Kut Chap,TH,17.4257,102.5669,85.01,41,100,3.51,overcast clouds
179,Balsas,BR,-7.5325,-46.0356,83.64,73,87,3.51,overcast clouds
180,Milkovo,RU,54.7167,158.6167,8.98,97,98,2.64,overcast clouds
181,San Carlos De Bariloche,AR,-41.1456,-71.3082,73.89,22,99,8.08,overcast clouds
182,Palmerston,AU,-12.486,130.9833,76.98,97,75,5.75,broken clouds
183,Coihueco,CL,-36.6167,-71.8333,90.34,19,0,14.97,clear sky
184,Krasnobrodskiy,RU,54.1581,86.4486,-10.14,98,68,4.47,broken clouds
185,Lindi,TZ,-10.0,39.7167,75.11,93,89,1.14,overcast clouds
186,Narsaq,GL,60.9167,-46.05,28.62,51,100,30.42,light snow
187,Inhambane,MZ,-23.865,35.3833,77.18,85,0,7.14,clear sky
188,Kruisfontein,ZA,-34.0033,24.7314,61.88,89,100,15.46,light rain
189,Manado,ID,1.487,124.8455,75.97,100,40,2.3,light rain
190,Yar-Sale,RU,66.8333,70.8333,-1.26,100,99,5.82,overcast clouds
191,Inirida,CO,3.8653,-67.9239,76.93,91,100,1.36,overcast clouds
192,Cassilandia,BR,-19.1133,-51.7342,82.49,61,68,4.23,broken clouds
193,Breves,BR,-1.6822,-50.4803,81.01,84,79,5.48,broken clouds
194,Gimli,CA,50.6336,-96.9907,16.38,75,99,6.2,overcast clouds
195,Whitehorse,CA,60.7161,-135.0538,5.09,65,100,8.99,overcast clouds
196,Chilca,PE,-12.5211,-76.7372,74.37,75,100,7.11,overcast clouds
197,Pakhtakoron,TJ,40.1571,68.7466,51.94,83,100,4.9,light rain
198,Vila Velha,BR,-20.3297,-40.2925,84.15,77,40,13.8,scattered clouds
199,Zhicheng,CN,30.2956,111.5047,68.5,87,46,4.21,scattered clouds
200,Mehamn,NO,71.0357,27.8492,33.71,86,100,12.12,overcast clouds
201,New Norfolk,AU,-42.7826,147.0587,62.1,67,100,1.99,overcast clouds
202,Petropavlovsk-Kamchatskiy,RU,53.0452,158.6483,21.79,68,20,6.71,few clouds
203,Oussouye,SN,12.485,-16.5469,73.78,61,31,7.85,scattered clouds
204,Sivaki,RU,52.6333,126.75,0.09,95,35,2.46,scattered clouds
205,Canavieiras,BR,-15.675,-38.9472,81.97,71,57,7.96,broken clouds
206,Cowra,AU,-33.8333,148.6833,59.83,84,3,3.31,clear sky
207,Bend,US,44.0582,-121.3153,45.72,71,40,16.11,scattered clouds
208,Bethel,US,41.3712,-73.414,36.19,45,0,13.8,light rain
209,Erzin,TR,36.9559,36.2,34.29,82,49,2.59,scattered clouds
210,San Pedro De Macoris,DO,18.4616,-69.2972,88.41,58,95,11.16,overcast clouds
211,Hailar,CN,49.2,119.7,8.69,93,100,3.0,snow
212,Bilibino,RU,68.0546,166.4372,-16.2,95,100,3.27,overcast clouds
213,Bathsheba,BB,13.2167,-59.5167,83.01,61,20,20.71,few clouds
214,Tabas,IR,33.5959,56.9244,73.89,33,100,10.0,overcast clouds
215,Pasighat,IN,28.0667,95.3333,70.93,40,14,3.83,few clouds
216,Morgan City,US,29.6994,-91.2068,60.01,47,0,10.36,clear sky
217,Port Augusta,AU,-32.5,137.7667,75.49,27,100,6.96,overcast clouds
218,Tabuk,PH,17.4189,121.4443,71.2,94,22,2.73,few clouds
219,Okhotsk,RU,59.3833,143.3,17.44,96,100,3.47,light snow
220,Lorengau,PG,-2.0226,147.2712,81.45,79,25,8.99,scattered clouds
221,Borogontsy,RU,62.6683,131.1683,-11.29,100,100,1.12,overcast clouds
222,Antofagasta,CL,-23.65,-70.4,73.22,58,19,9.31,few clouds
223,Tskaltubo,GE,42.3254,42.5979,32.94,100,75,3.44,light intensity drizzle
224,Castro,BR,-24.7911,-50.0119,66.72,95,100,3.67,overcast clouds
225,Kinablangan,PH,7.6947,126.5503,78.4,87,98,4.94,overcast clouds
226,Sitka,US,57.0531,-135.33,44.49,53,100,12.66,overcast clouds
227,Kyrylivka,UA,46.3759,35.3675,30.99,47,10,4.27,clear sky
228,Rocha,UY,-34.4833,-54.3333,69.28,60,10,11.27,clear sky
229,Talnakh,RU,69.4865,88.3972,-9.8,92,100,6.87,overcast clouds
230,Kaina,NG,12.6374,8.5873,79.18,16,97,7.31,overcast clouds
231,Plettenberg Bay,ZA,-34.0527,23.3716,62.28,89,100,13.2,light rain
232,Belle Fourche,US,44.6714,-103.8522,57.54,36,100,3.78,overcast clouds
233,Sur,OM,22.5667,59.5289,79.66,42,6,10.18,clear sky
234,Macara,EC,-4.3833,-79.95,85.1,58,34,3.89,light rain
235,Arenapolis,BR,-14.4503,-56.8461,82.26,79,92,4.29,overcast clouds
236,Homer,US,59.6425,-151.5483,35.76,74,20,18.01,few clouds
237,Tuatapere,NZ,-46.1333,167.6833,54.21,85,35,1.77,scattered clouds
238,Bama,NG,11.5221,13.6856,79.79,17,100,9.1,overcast clouds
239,Esperance,AU,-33.8667,121.9,66.04,92,65,10.98,broken clouds
240,Puerto Ayora,EC,-0.7393,-90.3518,85.96,96,61,3.0,broken clouds
241,Joshimath,IN,30.5667,79.5667,50.88,31,0,11.25,clear sky
242,Krasnyy Chikoy,RU,50.3643,108.7512,8.8,98,100,2.17,overcast clouds
243,Mendoza,AR,-32.8908,-68.8272,80.56,30,0,7.14,clear sky
244,Honningsvag,NO,70.9821,25.9704,35.35,87,0,10.36,clear sky
245,Atasu,KZ,48.6814,71.6433,25.52,95,100,11.86,overcast clouds
246,Bull Savanna,JM,17.8868,-77.5902,80.6,62,36,4.61,scattered clouds
247,Russell,US,32.3502,-85.1999,55.9,18,0,3.44,clear sky
248,Buta,CD,2.7858,24.73,71.13,87,100,0.54,overcast clouds
249,Sola,VU,-13.8833,167.55,82.27,72,100,7.54,overcast clouds
250,Abonnema,NG,4.7084,6.7931,81.75,77,12,8.19,few clouds
251,Sulangan,PH,11.1373,123.7228,81.1,82,85,7.78,overcast clouds
252,Nichinan,JP,31.6,131.3667,60.15,91,18,5.35,few clouds
253,Caramay,PH,10.1815,119.236,78.06,88,32,2.26,scattered clouds
254,Savannah Bight,HN,16.45,-85.85,80.2,71,14,9.4,few clouds
255,Mahebourg,MU,-20.4081,57.7,78.26,84,82,16.49,moderate rain
256,Chiredzi,ZW,-21.05,31.6667,74.5,61,1,3.65,clear sky
257,Andenes,NO,69.3143,16.1194,40.98,75,20,13.8,few clouds
258,Dryden,CA,49.7833,-92.7503,16.09,67,100,11.5,overcast clouds
259,Marang,MY,5.2056,103.2059,77.76,89,99,1.86,overcast clouds
260,Loubomo,CG,-4.1997,12.6739,74.43,93,99,3.67,overcast clouds
261,San Patricio,US,28.017,-97.5169,69.89,52,27,16.13,scattered clouds
262,Ancud,CL,-41.8697,-73.8203,67.23,60,53,5.86,broken clouds
263,Rasht,IR,37.2808,49.5832,46.45,90,100,1.68,overcast clouds
264,Karratha,AU,-20.7377,116.8463,85.53,65,2,9.31,light rain
265,Abdulino,RU,53.7,53.6667,2.32,99,100,4.43,overcast clouds
266,Temple,US,31.0982,-97.3428,63.79,24,0,21.85,clear sky
267,Coihaique,CL,-45.5752,-72.0662,59.61,55,40,9.22,scattered clouds
268,Muscat,OM,23.6139,58.5922,78.82,50,0,4.61,clear sky
269,Viedma,AR,-40.8135,-62.9967,82.38,25,23,18.9,few clouds
270,Middletown,US,39.5151,-84.3983,50.88,45,0,18.41,clear sky
271,Zaqatala,AZ,41.6336,46.6433,34.02,100,100,3.62,snow
272,Duiwelskloof,ZA,-23.6934,30.14,70.07,62,48,1.43,scattered clouds
273,Ola,RU,59.5833,151.2833,3.15,80,100,6.04,overcast clouds
274,Astoria,US,46.1879,-123.8313,49.95,94,100,13.8,mist
275,Abha,SA,18.2164,42.5053,61.05,72,0,4.61,clear sky
276,Tomatlan,MX,19.9333,-105.25,85.68,42,0,10.85,clear sky
277,Codrington,AU,-38.2667,141.9667,60.08,96,100,7.38,overcast clouds
278,Qaqortoq,GL,60.7167,-46.0333,28.27,60,100,17.07,light snow
279,Horsham,GB,51.064,-0.3272,48.02,85,0,2.3,clear sky
280,Itarema,BR,-2.9248,-39.9167,81.12,77,98,7.87,overcast clouds
281,San Policarpo,PH,12.1791,125.5072,79.77,85,100,7.54,overcast clouds
282,Denpasar,ID,-8.65,115.2167,78.46,100,40,2.3,scattered clouds
283,Kozova,UA,49.4354,25.1509,30.99,70,100,6.53,overcast clouds
284,Pevek,RU,69.7008,170.3133,-17.86,100,89,4.79,overcast clouds
285,Ulaanbaatar,MN,47.9077,106.8832,10.53,85,0,4.47,clear sky
286,Sawakin,SD,19.1059,37.3321,72.68,69,55,12.64,broken clouds
287,Aksu,CN,41.1231,80.2644,54.77,28,100,0.83,overcast clouds
288,Bambous Virieux,MU,-20.3428,57.7575,78.22,84,87,16.33,moderate rain
289,Lashio,MM,22.9333,97.75,67.32,52,52,1.68,broken clouds
290,Taoudenni,ML,22.6783,-3.9836,78.91,9,0,3.18,clear sky
291,Bairnsdale,AU,-37.8333,147.6167,58.05,95,10,3.91,clear sky
292,Adrar,MR,20.5022,-10.0711,74.98,9,0,8.7,clear sky
293,Tazmalt,DZ,36.3868,4.3989,55.74,88,100,2.46,overcast clouds
294,Isangel,VU,-19.55,169.2667,79.54,77,6,3.65,clear sky
295,Arlit,NE,18.7369,7.3853,73.94,8,0,14.45,clear sky
296,Cidreira,BR,-30.1811,-50.2056,68.25,91,100,13.6,overcast clouds
297,Novyye Burasy,RU,52.1324,46.0714,8.13,98,93,6.85,overcast clouds
298,Cap Malheureux,MU,-19.9842,57.6142,78.48,85,50,5.99,scattered clouds
299,Amapa,BR,1.0,-52.0,77.72,96,100,3.78,moderate rain
300,Challakere,IN,14.3167,76.65,76.46,37,3,4.68,clear sky
301,Price,US,39.5994,-110.8107,46.11,31,0,4.61,clear sky
302,Anadyr,RU,64.75,177.4833,-8.52,83,41,5.3,scattered clouds
303,Manga,BF,11.6636,-1.0731,92.32,16,100,6.29,overcast clouds
304,The Valley,AI,18.217,-63.0578,80.1,73,14,17.02,few clouds
305,Charcas,MX,23.1333,-101.1167,73.17,17,1,10.78,clear sky
306,Mont-De-Marsan,FR,44.0,-0.6667,49.78,73,0,13.0,clear sky
307,Omboue,GA,-1.5746,9.2618,79.93,83,100,6.35,overcast clouds
308,Lumby,CA,50.2498,-118.969,46.56,89,100,1.66,overcast clouds
309,Owando,CG,-0.4819,15.8999,72.75,77,93,2.75,overcast clouds
310,Hami,CN,42.8,93.45,52.61,32,85,10.51,overcast clouds
311,Puerto Escondido,MX,15.85,-97.0667,79.63,73,20,9.22,few clouds
312,Ouargaye,BF,11.5033,0.0572,94.28,18,100,5.26,overcast clouds
313,Kirkuk,IQ,35.4681,44.3922,47.75,52,100,3.04,overcast clouds
314,Roald,NO,62.5833,6.1333,46.54,46,75,4.61,broken clouds
315,Havelock,US,34.8791,-76.9013,48.16,43,0,5.99,clear sky
316,Aksarka,RU,66.5606,67.7975,-1.57,100,100,4.72,overcast clouds
317,Gloversville,US,43.0528,-74.3438,32.29,56,0,14.97,clear sky
318,Pulaski,US,34.7668,-92.3001,62.91,25,20,17.0,few clouds
319,Teya,RU,60.3778,92.6267,-22.76,100,84,1.03,broken clouds
320,Rapid Valley,US,44.0625,-103.1463,55.33,50,0,6.91,clear sky
321,Nanortalik,GL,60.1432,-45.2371,28.29,67,100,45.72,light snow
322,Sept-Iles,CA,50.2001,-66.3821,20.05,53,9,17.0,clear sky
323,Dakar,SN,14.6937,-17.4441,76.08,75,5,15.86,clear sky
324,Mogadishu,SO,2.0371,45.3438,78.96,80,60,18.45,broken clouds
325,Puerto Del Rosario,ES,28.5004,-13.8627,67.75,64,75,12.66,broken clouds
326,Tarakan,ID,3.3,117.6333,77.94,85,100,5.39,overcast clouds
327,Havoysund,NO,70.9963,24.6622,35.83,82,28,14.47,scattered clouds
328,Pirgos,GR,35.1167,25.7178,45.63,56,19,10.18,few clouds
329,Kedrovyy,RU,56.1667,91.8167,-14.13,100,65,4.03,broken clouds
330,Saint George,US,37.1041,-113.5841,66.63,23,0,4.0,clear sky
331,Shediac,CA,46.2198,-64.5411,27.36,53,2,20.42,clear sky
332,Santa Maria,BR,-29.6842,-53.8069,63.01,88,100,7.2,overcast clouds
333,San Matias,BO,-16.3667,-58.4,83.37,70,90,3.47,overcast clouds
334,Broome,US,42.2506,-75.833,29.46,55,100,8.01,light snow
335,Ostrovnoy,RU,68.0531,39.5131,26.85,87,100,3.8,overcast clouds
336,Pemangkat,ID,1.1667,108.9667,77.58,76,100,2.91,overcast clouds
337,Ukwa,IN,21.9667,80.4667,66.94,22,0,2.55,clear sky
338,Tarko-Sale,RU,64.9225,77.785,-5.28,99,45,7.29,scattered clouds
339,Sterling,US,39.0062,-77.4286,43.34,43,20,16.11,few clouds
340,Ambilobe,MG,-13.2,49.05,74.05,95,100,1.23,overcast clouds
341,Muros,ES,42.7762,-9.0603,46.83,92,100,7.07,light rain
342,Punta Cardon,VE,11.6581,-70.215,81.99,64,70,30.29,broken clouds
343,Meulaboh,ID,4.1363,96.1285,76.82,90,20,4.34,few clouds
344,Awbari,LY,26.5921,12.7805,60.44,16,2,8.34,clear sky
345,Oudtshoorn,ZA,-33.5907,22.2014,55.76,81,100,8.55,light rain
346,Ibra,OM,22.6906,58.5334,74.59,30,5,1.63,clear sky
347,Boa Vista,BR,2.8197,-60.6733,91.38,43,40,9.22,scattered clouds
348,Lopatyn,UA,50.2202,24.8483,29.26,79,38,6.24,scattered clouds
349,Bogovarovo,RU,58.9785,47.0246,13.66,99,77,3.38,broken clouds
350,Port Hardy,CA,50.6996,-127.4199,44.56,89,100,12.46,overcast clouds
351,Kroya,ID,-7.6331,109.2461,78.87,89,100,4.45,overcast clouds
352,Am Timan,TD,11.0297,20.2827,89.83,13,53,1.25,broken clouds
353,Kamaishi,JP,39.2667,141.8833,44.53,98,100,4.5,light rain
354,Lagoa,PT,39.05,-27.9833,55.33,58,72,14.16,broken clouds
355,Labuhan,ID,-6.8844,112.2051,77.76,90,100,6.35,overcast clouds
356,Byron Bay,AU,-28.65,153.6167,63.95,84,57,7.49,broken clouds
357,Biltine,TD,14.5333,20.9167,82.58,13,46,9.17,scattered clouds
358,Okha,RU,53.5739,142.9478,2.34,100,100,5.14,overcast clouds
359,Beinamar,TD,8.6698,15.3813,86.09,16,4,4.79,clear sky
360,Doha,QA,25.2867,51.5333,73.38,88,20,12.66,few clouds
361,Toora-Khem,RU,52.4675,96.11,8.74,97,100,2.55,light snow
362,Naifaru,MV,5.4444,73.3657,82.54,71,100,2.89,overcast clouds
363,Halifax,CA,44.6453,-63.5724,31.21,46,9,15.01,clear sky
364,Sao Joao Da Barra,BR,-21.6403,-41.0511,84.29,81,2,14.34,clear sky
365,Dabola,GN,10.75,-11.1167,87.66,21,93,2.15,overcast clouds
366,Imbituba,BR,-28.24,-48.6703,70.83,95,100,4.36,overcast clouds
367,Nohar,IN,29.1833,74.7667,77.58,28,0,6.17,clear sky
368,Ughelli,NG,5.4899,6.0074,79.68,87,66,5.17,broken clouds
369,Saint Leonard,CA,47.173,-67.9247,19.78,76,94,15.48,light snow
370,Kwinana,AU,-32.25,115.7667,67.17,87,27,4.65,scattered clouds
371,Srednekolymsk,RU,67.45,153.6833,-15.7,99,100,4.83,overcast clouds
372,Zacualpan,MX,21.25,-105.1667,94.62,57,0,7.87,clear sky
373,Satipo,PE,-11.2522,-74.6386,71.46,96,100,1.36,overcast clouds
374,Sakakah,SA,29.9697,40.2064,56.17,35,0,5.91,clear sky
375,Svetlogorsk,BY,52.6333,29.7333,28.62,78,14,2.44,few clouds
376,Ekhabi,RU,53.5102,142.9671,1.71,100,100,4.76,overcast clouds
377,Lazaro Cardenas,MX,17.9583,-102.2,81.88,54,0,10.07,clear sky
378,Cotonou,BJ,6.3654,2.4183,83.35,76,10,11.56,clear sky
379,Kenai,US,60.5544,-151.2583,30.29,65,0,25.32,clear sky
380,Siderno,IT,38.2779,16.302,50.34,75,6,2.39,clear sky
381,Kichera,RU,55.9375,110.0997,-7.91,87,67,6.42,broken clouds
382,Uyuni,BO,-20.4597,-66.825,60.82,22,0,13.35,clear sky
383,Pangnirtung,CA,66.1451,-65.7125,-18.09,95,25,3.36,scattered clouds
384,Maumere,ID,-8.6199,122.2111,80.04,79,83,0.36,broken clouds
385,Nagornskiy,RU,58.7731,57.5451,5.79,96,100,3.96,overcast clouds
386,Charters Towers,AU,-20.1,146.2667,68.77,84,98,7.27,overcast clouds
387,Dingle,PH,10.9995,122.6711,76.53,91,31,5.26,scattered clouds
388,Mombasa,KE,-4.0547,39.6636,77.47,84,99,7.78,overcast clouds
389,Umm Lajj,SA,25.0213,37.2685,67.68,58,56,12.88,broken clouds
390,Kavieng,PG,-2.5744,150.7967,81.61,79,62,11.65,light rain
391,Akyab,MM,20.15,92.9,74.91,51,6,9.01,clear sky
392,Barcelos,PT,41.5388,-8.6151,51.85,91,100,6.87,overcast clouds
393,Necochea,AR,-38.5473,-58.7368,67.75,64,5,10.51,clear sky
394,Richards Bay,ZA,-28.783,32.0377,77.47,81,0,12.37,clear sky
395,Clyde River,CA,70.4692,-68.5914,-10.41,94,100,7.38,overcast clouds
396,Bubaque,GW,11.2833,-15.8333,75.83,77,100,15.03,overcast clouds
397,Makakilo City,US,21.3469,-158.0858,80.92,55,20,8.05,few clouds
398,Vila Franca Do Campo,PT,37.7167,-25.4333,56.19,62,100,17.16,overcast clouds
399,Geraldton,AU,-28.7667,114.6,63.01,82,3,4.61,clear sky
400,Pierre,US,44.3683,-100.351,58.05,38,0,16.11,clear sky
401,Udachnyy,RU,66.4167,112.4,-27.98,100,99,2.51,overcast clouds
402,Haines Junction,CA,60.7522,-137.5108,8.94,83,100,3.6,overcast clouds
403,Half Moon Bay,US,37.4636,-122.4286,68.05,63,40,9.22,scattered clouds
404,Hay River,CA,60.8156,-115.7999,-3.51,82,86,11.63,overcast clouds
405,Yomou,GN,7.5603,-9.2653,77.43,74,19,4.54,light rain
406,Calvinia,ZA,-31.4707,19.776,55.89,76,33,10.2,scattered clouds
407,Daru,PG,-9.0763,143.2092,80.33,86,51,5.46,broken clouds
408,Camacha,PT,33.0833,-16.3333,58.42,67,40,19.57,scattered clouds
409,Veshkayma,RU,54.05,47.1333,20.7,95,100,9.8,light snow
410,Concarneau,FR,47.875,-3.9225,49.82,83,100,4.65,overcast clouds
411,Namatanai,PG,-3.6667,152.4333,80.04,77,100,7.47,overcast clouds
412,Tasiilaq,GL,65.6145,-37.6368,30.36,80,100,20.29,overcast clouds
413,Acapulco,MX,16.8634,-99.8901,80.42,69,0,12.66,clear sky
414,Christchurch,NZ,-43.5333,172.6333,58.95,77,100,6.91,overcast clouds
415,Grindavik,IS,63.8424,-22.4338,36.07,80,0,14.97,clear sky
416,Hirara,JP,24.8,125.2833,70.77,74,52,6.33,broken clouds
417,Solwezi,ZM,-12.1688,26.3894,61.74,94,100,3.56,overcast clouds
418,Pisco,PE,-13.7,-76.2167,78.85,61,20,12.66,few clouds
419,Masvingo,ZW,-20.0637,30.8277,65.03,79,1,6.08,clear sky
420,Fortuna,US,40.5982,-124.1573,55.9,65,100,3.44,overcast clouds
421,Lasa,IT,46.6166,10.7002,34.36,93,37,3.2,scattered clouds
422,Berlevag,NO,70.8578,29.0864,33.75,80,0,16.11,clear sky
423,Saint-Augustin,CA,51.226,-58.6502,19.62,71,100,26.82,overcast clouds
424,High Level,CA,58.5169,-117.136,0.27,77,100,5.84,overcast clouds
425,Dholka,IN,22.7167,72.4667,79.18,20,0,4.9,clear sky
426,Birao,CF,10.2849,22.7882,80.96,14,57,6.91,broken clouds
427,Kutum,SD,14.2,24.6667,72.37,15,7,12.06,clear sky
428,Togur,RU,58.3631,82.8265,-18.0,100,79,3.8,broken clouds
429,Cheremukhovo,RU,60.3484,59.9851,5.79,99,100,2.75,overcast clouds
430,Cananea,MX,30.95,-110.3,68.76,9,0,14.63,clear sky
431,Carayao,PY,-25.1833,-56.4,85.91,41,1,5.46,clear sky
432,Fernie,CA,49.5,-115.0687,38.12,90,94,5.14,overcast clouds
433,Luoyang,CN,34.6836,112.4536,53.89,79,4,4.74,clear sky
434,Mar Del Plata,AR,-38.0023,-57.5575,69.82,84,0,10.36,clear sky
435,Moultrie,US,31.1799,-83.7891,55.81,28,0,0.0,clear sky
436,Ust-Kuyga,RU,70.0167,135.6,-21.57,100,100,0.25,overcast clouds
437,Borgarnes,IS,64.5383,-21.9206,34.65,86,58,7.14,light snow
438,Magdagachi,RU,53.45,125.8,-1.12,97,18,2.84,few clouds
439,Opuwo,NA,-18.0607,13.84,66.83,84,100,7.4,overcast clouds
440,Champerico,GT,14.3,-91.9167,85.69,61,77,14.14,broken clouds
441,Sergeyevka,KZ,53.88,67.4158,9.88,95,100,8.14,overcast clouds
442,Laguna,US,38.421,-121.4238,66.76,47,20,10.36,few clouds
443,Askino,RU,56.0901,56.5783,5.27,98,100,5.39,overcast clouds
444,Kushiro,JP,42.975,144.3747,31.26,95,100,8.28,light snow
445,Aldan,RU,58.6031,125.3894,-1.34,99,100,2.84,overcast clouds
446,Mathbaria,BD,22.2876,89.9593,71.42,31,49,6.31,scattered clouds
447,Mayumba,GA,-3.432,10.6554,77.94,86,91,2.95,overcast clouds
448,Guerrero Negro,MX,27.9769,-114.0611,68.43,48,0,14.5,clear sky
449,Samarai,PG,-10.6167,150.6667,83.19,76,42,12.66,scattered clouds
450,Sompeta,IN,18.9333,84.6,77.27,46,100,4.0,overcast clouds
451,Mabaruma,GY,8.2,-59.7833,76.33,94,95,7.2,overcast clouds
452,Suntar,RU,62.1444,117.6319,0.25,98,100,4.38,overcast clouds
453,Praya,CV,14.9215,-23.5087,72.14,64,20,21.85,few clouds
454,Altay,CN,47.8667,88.1167,34.07,99,100,3.53,light snow
455,Avera,US,33.194,-82.5271,55.38,21,0,5.12,clear sky
456,Miranda,CO,3.2499,-76.2281,80.94,54,22,0.92,few clouds
457,Hobyo,SO,5.3505,48.5268,78.96,74,78,17.38,broken clouds
458,Maputo,MZ,-25.9653,32.5892,79.23,83,0,5.01,clear sky
459,Quatre Cocos,MU,-20.2078,57.7625,78.1,85,90,15.73,moderate rain
460,Littleton,US,39.6133,-105.0166,64.63,20,20,9.22,few clouds
461,Vondrozo,MG,-22.8167,47.2833,65.53,98,98,2.42,light rain
462,Privodino,RU,61.0781,46.5044,22.75,95,98,6.93,light snow
463,Weatherford,US,32.7593,-97.7972,67.33,16,96,4.0,overcast clouds
464,Vanimo,PG,-2.6741,141.3028,76.95,92,87,5.23,overcast clouds
465,Elk Point,US,42.6833,-96.6836,62.44,33,49,9.46,scattered clouds
466,Mulchen,CL,-37.7167,-72.2333,89.46,16,0,10.0,clear sky
467,Shache,CN,38.4167,77.2406,55.99,27,12,7.78,few clouds
468,San Jose,US,37.3394,-121.895,68.45,53,75,12.66,broken clouds
469,Yangjiang,CN,21.85,111.9667,68.81,89,60,2.19,broken clouds
470,Correntina,BR,-13.3433,-44.6367,84.7,53,56,3.0,broken clouds
471,Anshun,CN,26.25,105.9333,59.72,91,100,4.72,overcast clouds
472,Iquique,CL,-20.2208,-70.1431,73.44,77,20,7.49,few clouds
473,Lavrentiya,RU,65.5833,-171.0,4.05,69,1,5.93,clear sky
474,Samana,DO,19.2056,-69.3369,84.42,74,40,6.91,scattered clouds
475,Goderich,CA,43.7501,-81.7165,27.91,85,100,17.58,light snow
476,Skibbereen,IE,51.55,-9.2667,44.11,76,7,8.97,clear sky
477,Orel-Izumrud,RU,43.4583,39.9244,32.02,86,20,7.0,few clouds
478,Floro,NO,61.5996,5.0328,45.97,65,75,20.71,light rain
479,Fairbanks,US,64.8378,-147.7164,7.14,45,0,4.61,clear sky
480,Kimbe,PG,-5.5502,150.1429,75.58,94,87,2.75,overcast clouds
481,Sioux Lookout,CA,50.1001,-91.917,19.33,78,100,8.14,overcast clouds
482,Alim,PH,9.5649,122.4876,80.15,83,23,2.08,few clouds
483,Sarahan,IN,31.5167,77.8,46.96,35,0,11.59,clear sky
484,Buala,SB,-8.145,159.5921,79.25,81,98,2.59,overcast clouds
485,Fukue,JP,32.6881,128.8419,61.92,95,100,8.61,overcast clouds
486,Vodnyy,RU,63.5046,53.4095,16.72,98,100,3.02,overcast clouds
487,Wailuku,US,20.8911,-156.5047,84.38,63,40,14.0,scattered clouds
488,Padang,ID,-0.9492,100.3543,77.52,88,100,4.61,moderate rain
489,Juazeiro,BR,-9.4117,-40.4986,91.58,46,20,5.75,light rain
490,Nyanguge,TZ,-2.55,33.2,70.86,73,94,9.46,overcast clouds
491,Merauke,ID,-8.4667,140.3333,78.55,91,62,8.61,broken clouds
492,Veraval,IN,20.9,70.3667,78.91,52,0,9.64,clear sky
493,Carballo,ES,43.213,-8.691,46.09,91,100,4.99,light rain
494,Capreol,CA,46.706,-80.9225,25.56,76,100,3.0,overcast clouds
495,Pitimbu,BR,-7.4706,-34.8086,84.79,73,100,9.91,overcast clouds
496,Waingapu,ID,-9.6567,120.2641,78.98,85,96,4.14,overcast clouds
497,Muisne,EC,0.6,-80.0333,81.86,73,41,7.76,scattered clouds
498,Grand Gaube,MU,-20.0064,57.6608,78.39,85,56,5.99,broken clouds
499,Juneau,US,58.3019,-134.4197,35.6,90,75,8.05,broken clouds
500,Mango,US,27.9797,-82.3065,70.11,52,0,9.22,clear sky
501,Port Keats,AU,-14.25,129.55,77.36,87,92,4.03,overcast clouds
502,Tshane,BW,-24.0196,21.8684,75.27,55,100,3.42,overcast clouds
503,Bombo,ID,-8.6131,119.0131,78.3,87,100,2.46,overcast clouds
504,Narok,KE,-1.0783,35.8601,60.44,68,80,2.1,broken clouds
505,Hofn,IS,64.2539,-15.2082,36.52,62,100,11.36,overcast clouds
506,Klaksvik,FO,62.2266,-6.589,45.52,93,100,19.48,overcast clouds
507,Belaya Gora,RU,68.5333,146.4167,-8.3,99,100,1.63,overcast clouds
508,Garango,BF,11.8,-0.5506,92.12,15,94,5.26,overcast clouds
509,Solikamsk,RU,59.6196,56.7729,15.69,95,100,7.11,overcast clouds
510,Palora,EC,-1.7,-77.9333,78.91,80,100,1.34,light rain
511,Salekhard,RU,66.53,66.6019,-5.21,100,100,1.32,overcast clouds
512,Chuy,UY,-33.6971,-53.4616,69.58,55,4,9.08,clear sky
513,Yazykovo,RU,55.2199,56.1353,5.52,99,100,5.21,overcast clouds
514,Xining,CN,36.6167,101.7667,37.58,53,7,2.55,clear sky
515,Tual,ID,-5.6667,132.75,83.64,75,100,6.42,overcast clouds
516,Sawtell,AU,-30.3833,153.1,63.19,94,40,6.91,scattered clouds
517,Saint-Nazaire,FR,47.2833,-2.2,49.03,88,0,5.75,clear sky
518,Akdepe,TM,42.0551,59.3788,46.33,39,100,7.81,overcast clouds
519,Jalu,LY,29.0331,21.5482,58.39,39,1,6.93,clear sky
520,Businga,CD,3.3333,20.8833,75.22,75,100,3.06,overcast clouds
521,Poum,NC,-20.2333,164.0167,80.92,79,97,12.71,overcast clouds
522,General Pico,AR,-35.6566,-63.7568,81.97,33,38,4.0,scattered clouds
523,Priladozhskiy,RU,59.85,31.4833,29.53,1,100,3.27,overcast clouds
524,Nara,JP,34.6851,135.8049,56.5,89,96,5.37,light rain
525,Ugoofaaru,MV,5.6667,73.0,82.65,70,71,3.29,broken clouds
526,Totness,SR,5.8833,-56.3167,80.19,78,80,11.97,broken clouds
527,Lauro Muller,BR,-28.3928,-49.3967,65.44,100,100,0.34,overcast clouds
528,Farafangana,MG,-22.8167,47.8333,75.33,86,70,6.26,light rain
529,Mgachi,RU,51.05,142.2667,13.93,98,99,2.46,overcast clouds
530,Novodugino,RU,55.6305,34.2842,31.35,91,100,10.94,overcast clouds
531,Leningradskiy,RU,69.3833,178.4167,-9.4,95,100,7.09,overcast clouds
532,Carutapera,BR,-1.195,-46.02,78.26,90,97,8.68,overcast clouds
533,Taiyuan,CN,37.8694,112.5603,46.26,76,100,2.24,mist
534,Jesus Carranza,MX,17.4333,-95.0333,75.54,52,92,9.69,overcast clouds
535,Valparaiso,CL,-33.0393,-71.6273,66.43,73,20,11.5,fog
536,Hecun,CN,36.5333,114.1111,52.68,70,47,2.73,scattered clouds
537,San Quintin,MX,30.4833,-115.95,65.71,56,0,19.93,clear sky
538,Marrakesh,MA,31.6315,-8.0083,66.27,55,40,12.66,scattered clouds
539,Komsomolskiy,UZ,40.4272,71.7189,52.52,93,100,6.91,fog
540,Hambantota,LK,6.1241,81.1185,77.67,80,75,9.44,broken clouds
541,Manokwari,ID,-0.8667,134.0833,78.17,79,59,2.71,broken clouds
542,Mount Gambier,AU,-37.8333,140.7667,58.91,94,100,6.91,mist
543,Chapais,CA,49.7834,-74.8492,10.22,76,100,9.91,overcast clouds
544,Naze,JP,28.3667,129.4833,63.61,89,9,5.21,clear sky
545,Nathdwara,IN,24.9333,73.8167,75.78,22,0,4.0,clear sky
546,Flinders,AU,-34.5833,150.8552,60.26,92,4,3.0,clear sky
547,Khasan,RU,42.4308,130.6434,35.24,94,100,6.35,overcast clouds
548,Saint-Louis,SN,16.3333,-15.0,87.73,5,1,10.4,clear sky
549,Tevaitoa,PF,-16.7833,-151.5,81.16,74,72,9.84,broken clouds
550,Plastun,RU,44.7561,136.2939,25.18,92,66,3.29,broken clouds
551,Nosy Varika,MG,-20.5833,48.5333,75.65,88,100,5.12,moderate rain
552,Shitanjing,CN,39.2342,106.3439,41.09,23,45,3.74,scattered clouds
553,Lixourion,GR,38.2019,20.4314,44.76,89,100,6.69,overcast clouds
554,Los Llanos De Aridane,ES,28.6585,-17.9182,62.35,85,20,9.22,few clouds
555,Tres Passos,BR,-27.4556,-53.9319,78.66,48,31,8.88,scattered clouds
556,Pacific Grove,US,36.6177,-121.9166,64.38,76,40,5.75,scattered clouds
557,Coquimbo,CL,-29.9533,-71.3436,65.93,72,20,11.5,few clouds
558,Marysville,US,48.0518,-122.1771,56.71,66,100,9.22,overcast clouds
559,Zhezkazgan,KZ,47.8043,67.7144,20.23,94,54,6.62,broken clouds
560,Sabha,LY,27.0377,14.4283,59.77,18,0,9.06,clear sky
561,Iguape,BR,-24.7081,-47.5553,74.97,89,99,9.69,overcast clouds
562,Elat,IL,29.5581,34.9482,54.68,60,9,15.61,clear sky
563,Cuneo,IT,44.3973,7.5445,44.19,94,100,8.05,light rain
564,Riyadh,SA,24.6877,46.7219,69.94,25,0,16.53,clear sky
565,Bargur,IN,12.5424,78.3539,71.46,52,45,0.43,scattered clouds
566,Fredericksburg,US,38.3032,-77.4605,46.62,36,0,11.5,clear sky
567,Takoradi,GH,4.8845,-1.7554,80.91,83,57,8.03,moderate rain
568,Ronneby,SE,56.21,15.276,36.1,51,0,9.22,clear sky
569,Aswan,EG,24.0934,32.907,62.37,24,0,17.81,clear sky
570,Osmanabad,IN,18.1667,76.05,78.69,19,0,12.35,clear sky
571,Lapeer,US,43.0514,-83.3188,39.06,64,100,12.66,overcast clouds
572,Pombia,IT,45.653,8.6336,47.25,48,100,3.44,light rain
573,Bukama,CD,-9.2,25.85,67.93,96,99,0.98,overcast clouds
574,Makarov,RU,48.6333,142.8,19.99,96,91,3.27,overcast clouds
575,Changji,CN,44.0167,87.3167,47.19,87,75,11.18,broken clouds
576,Suksun,RU,57.1431,57.3949,6.73,96,100,5.59,overcast clouds
577,Teluknaga,ID,-6.0989,106.6381,84.61,88,20,4.61,mist
578,Olga,RU,43.7444,135.2892,28.06,96,58,3.85,broken clouds
579,Paso De Los Toros,UY,-32.8167,-56.5167,72.41,49,13,4.81,few clouds
580,La Rioja,ES,42.25,-2.5,40.78,58,100,5.88,overcast clouds
581,Colombo,LK,6.9319,79.8478,77.77,82,99,6.89,overcast clouds
582,Bowen,AU,-20.0167,148.2333,77.41,73,54,14.63,broken clouds
583,Evensk,RU,61.95,159.2333,5.4,81,6,8.66,clear sky
584,Capao Bonito,BR,-24.0058,-48.3494,68.92,98,100,2.28,overcast clouds
585,Mushie,CD,-3.0167,16.9,72.39,87,58,1.1,broken clouds
586,Rincon,US,32.296,-81.2354,58.86,24,0,5.75,clear sky
587,Saint-Georges,GD,12.0564,-61.7485,79.68,65,100,15.05,overcast clouds
588,Xingyi,CN,24.1877,102.817,56.98,44,1,3.0,clear sky
589,Coahuayana,MX,18.7333,-103.6833,87.69,39,0,8.01,clear sky
590,Lerik,AZ,38.7726,48.4128,32.02,99,100,5.19,snow
591,Illapel,CL,-31.6308,-71.1653,80.69,43,0,8.55,clear sky
592,Zyryanka,RU,65.75,150.85,-12.26,100,100,3.04,overcast clouds
593,Shelburne,CA,44.0787,-80.2041,25.9,80,100,16.06,overcast clouds
594,Waiouru,NZ,-39.4833,175.6667,52.14,81,99,5.08,overcast clouds
595,Lalsot,IN,26.5667,76.3333,73.26,31,0,2.35,clear sky
596,Berezniki,RU,59.4152,56.8124,15.62,95,100,6.96,overcast clouds
597,Ishigaki,JP,24.3448,124.1572,70.93,72,8,6.58,clear sky
598,Iralaya,HN,15.0,-83.2333,83.26,64,14,14.03,few clouds
599,Khaniotis,GR,39.9991,23.58,41.56,56,100,1.61,overcast clouds
600,Stornoway,GB,58.2093,-6.3865,48.16,80,99,12.66,overcast clouds
601,Jackson,US,42.4165,-122.8345,54.14,55,100,6.91,overcast clouds
602,Nome,US,64.5011,-165.4064,19.47,38,0,13.8,clear sky
603,Samsun,TR,41.25,36.3333,38.98,56,75,13.8,broken clouds
604,Caravelas,BR,-17.7125,-39.2481,81.25,72,100,6.93,overcast clouds
605,Sao Raimundo Nonato,BR,-9.0153,-42.6994,92.43,31,46,8.28,light rain
606,Nuuk,GL,64.1835,-51.7216,9.21,78,75,21.85,broken clouds
607,Tula,RU,54.2044,37.6111,26.67,94,97,10.98,overcast clouds
608,Villa Constitucion,AR,-33.2278,-60.3297,83.1,30,0,4.52,clear sky
609,Luanda,AO,-8.8368,13.2343,80.6,83,20,6.91,few clouds
610,Marawi,PH,7.9986,124.2928,68.95,94,98,2.08,overcast clouds
611,Limbang,MY,4.75,115.0,77.11,99,100,1.83,overcast clouds
612,Sortland,NO,68.6949,15.4162,36.09,74,100,6.04,overcast clouds
613,Pochinok,RU,54.4068,32.4407,25.2,94,91,7.05,overcast clouds
614,Bagdarin,RU,54.4333,113.6,-6.88,97,95,5.1,overcast clouds
615,Senneterre,CA,48.3835,-77.2328,17.15,84,100,9.37,light snow
616,Naryan-Mar,RU,67.6713,53.087,-2.25,100,70,5.32,broken clouds
617,Susanville,US,40.4163,-120.653,48.04,48,20,15.99,few clouds
618,Ilhabela,BR,-23.7781,-45.3581,77.99,89,100,4.29,overcast clouds
619,Naranjal,EC,-2.6667,-79.6167,83.03,76,87,2.39,light rain
620,Santa Cruz De La Palma,ES,28.6835,-17.7642,66.34,72,20,9.22,few clouds
621,Chara,RU,56.9064,118.2631,-4.59,91,100,1.21,overcast clouds
622,Harper,LR,4.375,-7.7169,80.62,83,87,9.04,overcast clouds
623,Penhold,CA,52.1334,-113.8687,29.84,99,100,5.37,overcast clouds
624,Pontianak,ID,-0.0333,109.3333,76.98,100,100,1.14,mist
625,Alofi,NU,-19.0595,-169.9187,80.49,83,40,6.91,scattered clouds
626,Hulan Ergi,CN,47.2042,123.6333,26.31,73,100,6.02,overcast clouds
627,Praia Da Vitoria,PT,38.7333,-27.0667,55.76,65,88,14.65,overcast clouds
628,Buraydah,SA,26.326,43.975,64.06,35,55,14.63,broken clouds
629,Izumo,JP,35.3667,132.7667,52.86,95,100,5.75,overcast clouds
630,Huilong,CN,31.8111,121.655,55.92,98,98,3.51,overcast clouds
631,Olinda,BR,-8.0089,-34.8553,83.93,74,40,8.05,scattered clouds
632,Garoua Boulai,CM,5.8833,14.55,76.71,44,63,3.24,broken clouds
633,Siljan,NO,59.2884,9.71,37.17,72,100,4.47,overcast clouds
634,Muritiba,BR,-12.9167,-39.25,81.57,66,6,9.78,clear sky
635,Tazovskiy,RU,67.4667,78.7,-16.06,100,97,6.82,overcast clouds
636,Sisimiut,GL,66.9395,-53.6735,-0.71,95,100,6.49,overcast clouds
637,Bajil,YE,15.0584,43.2851,80.28,63,91,4.97,overcast clouds
638,Hue,VN,16.4667,107.6,71.71,94,75,2.3,broken clouds
639,Mujiayingzi,CN,42.1167,118.7833,34.45,80,100,2.55,overcast clouds
640,Puerto Madryn,AR,-42.7692,-65.0385,82.94,18,16,19.71,few clouds
641,Yanam,IN,16.7333,82.2167,71.42,75,100,2.33,overcast clouds
642,Aykhal,RU,66.0,111.5,-22.86,100,72,3.27,broken clouds
643,Wabrzezno,PL,53.2799,18.9477,37.06,76,0,8.95,clear sky
644,Aloleng,PH,16.1307,119.7824,78.22,82,34,5.08,scattered clouds
645,Hongjiang,CN,27.11,109.9956,66.4,94,61,3.15,broken clouds
646,Port Hawkesbury,CA,45.6169,-61.3485,26.87,63,40,32.21,scattered clouds
647,Uvalde,US,29.3669,-99.767,66.31,24,0,10.36,clear sky
648,Bahir Dar,ET,11.5936,37.3908,71.51,55,89,3.91,light rain
649,Raduzhnyy,RU,62.0961,77.475,-3.15,100,100,4.0,overcast clouds
650,Conde,BR,-7.2597,-34.9075,83.66,74,40,9.22,scattered clouds
651,Deputatskiy,RU,69.3,139.9,-20.11,100,100,1.81,overcast clouds
652,Bosaso,SO,11.2842,49.1816,77.74,77,70,2.21,broken clouds
653,Eureka,US,40.8021,-124.1637,56.17,63,93,5.01,overcast clouds
654,Liverpool,GB,53.4106,-2.9779,48.65,80,20,6.91,few clouds
655,Quballat,TN,36.5418,9.6633,53.13,83,100,6.8,overcast clouds
656,Mokhsogollokh,RU,61.4681,128.9203,-0.06,98,100,2.42,overcast clouds
657,Felanitx,ES,39.4696,3.1483,58.95,88,100,3.91,overcast clouds
658,Khor,RU,47.8861,134.9464,11.64,99,100,3.02,overcast clouds
659,Balkhash,KZ,46.844,74.9804,35.98,87,81,8.12,broken clouds
660,Cajabamba,PE,-7.6167,-78.05,58.06,76,100,4.41,light rain
661,Danjiangkou,CN,32.5428,111.5086,64.24,84,86,3.42,light rain
662,Moranbah,AU,-22.0016,148.0466,68.81,85,76,12.48,broken clouds
663,Nova Olimpia,BR,-14.7972,-57.2881,82.17,83,90,3.27,overcast clouds
664,Puteyets,RU,65.1716,57.091,12.76,97,99,3.29,overcast clouds
665,Auki,SB,-8.7676,160.7034,76.64,85,96,3.83,overcast clouds
666,Tessalit,ML,20.1986,1.0114,79.07,8,0,8.01,clear sky
667,Lakatoro,VU,-16.0999,167.4164,81.48,79,37,4.88,scattered clouds
668,Ngunguru,NZ,-35.6167,174.5,68.34,74,32,11.83,scattered clouds
669,Chernenko,RU,44.365,39.3103,26.02,98,70,2.33,broken clouds
670,Odweyne,SO,9.4092,45.064,71.51,47,21,6.71,few clouds
671,That Phanom,TH,16.9364,104.7104,75.47,67,76,5.39,broken clouds
672,Dunedin,NZ,-45.8742,170.5036,59.81,71,1,5.01,clear sky
673,Sovetskiy,RU,61.3614,63.5842,8.37,94,100,7.56,overcast clouds
674,Andreapol,RU,56.6513,32.2664,26.56,96,83,4.81,broken clouds
675,Pandan,PH,14.0453,124.1694,77.36,89,81,6.31,broken clouds
676,Takapau,NZ,-40.0333,176.35,54.73,95,100,2.35,overcast clouds
677,La Grande,US,45.3246,-118.0877,46.02,65,100,8.23,overcast clouds
678,Vostok,RU,46.4856,135.8833,15.49,99,97,0.89,overcast clouds
679,Stykkisholmur,IS,65.0757,-22.7297,35.04,77,95,15.84,light snow
680,Ermelo,ZA,-26.5333,29.9833,63.16,60,81,3.78,broken clouds
681,Narsipatnam,IN,17.6667,82.6167,74.79,47,100,3.24,overcast clouds
682,Tshikapa,CD,-6.4167,20.8,70.14,90,66,1.1,broken clouds
683,Colac,AU,-38.3333,143.5833,61.83,95,97,3.8,moderate rain
684,Baoshan,CN,46.5586,131.4244,11.73,98,66,1.54,broken clouds
685,College,US,64.8569,-147.8028,7.12,46,20,4.61,few clouds
686,Uthal,PK,25.8072,66.6219,77.59,53,3,5.77,clear sky
687,Jacareacanga,BR,-6.2222,-57.7528,90.09,55,87,1.77,moderate rain
688,Mount Pleasant,US,32.7941,-79.8626,56.08,34,0,8.05,clear sky
689,Pimenta Bueno,BR,-11.6725,-61.1936,81.09,89,99,2.19,light rain
690,Chatham,GB,51.3789,0.5279,49.1,72,100,1.01,overcast clouds
691,Jawa,JO,31.8525,35.9393,38.98,87,40,18.41,dust
692,Bitung,ID,1.4451,125.1824,76.05,82,100,4.47,light rain
693,Peleduy,RU,59.6289,112.7406,-5.64,100,100,1.81,overcast clouds
694,Neuquen,AR,-38.9516,-68.0591,85.89,30,0,11.5,clear sky
695,Qinggang,CN,46.6833,126.0833,18.52,95,100,6.22,overcast clouds
696,Venezuela,VE,8.0,-66.0,90.37,42,100,16.02,overcast clouds
697,Maldonado,UY,-34.6667,-54.9167,70.99,51,2,11.5,clear sky
698,Port Lincoln,AU,-34.7333,135.8667,70.14,62,68,10.0,broken clouds
699,Zakamensk,RU,50.3741,103.2863,9.46,94,100,3.91,light snow
700,Goksun,TR,38.021,36.4973,16.68,95,100,6.98,overcast clouds
701,Siocon,PH,7.7061,122.1353,79.18,88,99,1.86,overcast clouds
702,Markova,UA,48.6758,24.4138,24.8,95,88,3.24,overcast clouds
703,Herzberg,DE,51.6869,13.2202,46.38,29,0,11.5,clear sky
704,Telhara,IN,21.0269,76.8389,79.57,14,0,4.21,clear sky
705,Bilma,NE,18.6853,12.9164,71.13,9,0,10.4,clear sky
706,Bonthe,SL,7.5264,-12.505,79.36,86,100,11.83,overcast clouds
707,Oktyabrskoye,RU,43.0645,44.7417,21.34,92,100,6.71,overcast clouds
708,Umm Kaddadah,SD,13.6017,26.6876,74.26,14,68,16.91,broken clouds
709,Tindivanam,IN,12.25,79.65,73.17,77,67,3.76,broken clouds
